{
  "mias-client/svelte.config.js": 1775815623.2293966,
  "mias-client/eslint.config.js": 1775367947.7765949,
  "mias-client/vite.config.ts": 1775367947.7855184,
  "mias-client/src/app.d.ts": 1775367947.777111,
  "mias-client/src/lib/index.ts": 1775367947.7799656,
  "mias-client/src/lib/types/forms.ts": 1776444037.1391604,
  "mias-client/src/lib/config/menuItems.ts": 1776668075.9604962,
  "mias-client/src/lib/config/admin-nav.ts": 1776582401.4774065,
  "mias-client/src/lib/config/procedure-fields.ts": 1775367947.779893,
  "mias-client/src/lib/config/default-form-definitions.ts": 1776295637.0722558,
  "mias-client/src/lib/stores/notifications.ts": 1776329775.9362113,
  "mias-client/src/lib/stores/toast.ts": 1775448554.5391757,
  "mias-client/src/lib/stores/auth.ts": 1775367947.7800708,
  "mias-client/src/lib/utils/debounce.ts": 1775448554.6067784,
  "mias-client/src/lib/utils/photo.ts": 1776297586.1167815,
  "mias-client/src/lib/utils/patient-category.ts": 1776350631.1923199,
  "mias-client/src/lib/utils/patient-insurance.ts": 1776171141.3642762,
  "mias-client/src/lib/utils/formEngine.ts": 1776151919.6737664,
  "mias-client/src/lib/utils/forms.ts": 1776297034.619445,
  "mias-client/src/lib/utils/roleGuard.ts": 1775448554.577972,
  "mias-client/src/lib/styles/aqua.ts": 1776068303.6433816,
  "mias-client/src/lib/components/PrescriptionForm.svelte": 1775860160.0502422,
  "mias-client/src/lib/components/PatientProfile.svelte": 1776525233.5000834,
  "mias-client/src/lib/components/ui/AquaModal.svelte": 1776288456.9485192,
  "mias-client/src/lib/components/ui/Avatar.svelte": 1775860172.2189777,
  "mias-client/src/lib/components/ui/ToastContainer.svelte": 1775860266.632168,
  "mias-client/src/lib/components/ui/Autocomplete.svelte": 1776065656.6447573,
  "mias-client/src/lib/components/ui/IconPicker.svelte": 1776670051.1847773,
  "mias-client/src/lib/components/ui/AquaCard.svelte": 1775853054.7437685,
  "mias-client/src/lib/components/ui/DoctorSelect.svelte": 1776661803.2395482,
  "mias-client/src/lib/components/ui/StatusBadge.svelte": 1775860173.6931677,
  "mias-client/src/lib/components/ui/TabBar.svelte": 1776332647.3693526,
  "mias-client/src/lib/components/ui/AquaInput.svelte": 1775367947.7792823,
  "mias-client/src/lib/components/ui/AquaButton.svelte": 1775860170.954077,
  "mias-client/src/lib/components/forms/DynamicFormRenderer.svelte": 1776444013.1111593,
  "mias-client/src/lib/components/forms/ReadonlySubmittedForm.svelte": 1776313460.5615053,
  "mias-client/src/lib/components/layout/AdminScaffold.svelte": 1776520849.937999,
  "mias-client/src/lib/components/layout/NavBar.svelte": 1776066705.9906516,
  "mias-client/src/lib/components/layout/SideMenu.svelte": 1775851337.5098774,
  "mias-client/src/lib/components/admin/AdminOTManagement.svelte": 1776524454.3406546,
  "mias-client/src/lib/components/admin/AdminSystemICDCodes.svelte": 1776521538.069999,
  "mias-client/src/lib/components/admin/AdminInsuranceCategories.svelte": 1776521530.492,
  "mias-client/src/lib/components/admin/AdminSystemPatientCategories.svelte": 1776521481.953999,
  "mias-client/src/lib/components/admin/AdminClinicManager.svelte": 1776512718.371,
  "mias-client/src/lib/components/admin/SystemConfigTabs.svelte": 1776611685.639856,
  "mias-client/src/lib/components/admin/AdminSystemAIConfig.svelte": 1776521530.492,
  "mias-client/src/lib/components/patient/PatientInsuranceAvatar.svelte": 1776354148.3300526,
  "mias-client/src/lib/components/patient/InsuranceTypeBadges.svelte": 1776424941.377107,
  "mias-client/src/lib/components/patient/PatientProfileOverviewModal.svelte": 1776675443.6481657,
  "mias-client/src/lib/components/case-records/OTBookingPanel.svelte": 1776661814.9697454,
  "mias-client/src/lib/components/case-records/OTScheduleFullscreen.svelte": 1776669748.0071683,
  "mias-client/src/lib/api/wallet.ts": 1776448784.5212855,
  "mias-client/src/lib/api/faculty.ts": 1776661775.9559343,
  "mias-client/src/lib/api/students.ts": 1776428655.3873372,
  "mias-client/src/lib/api/autocomplete.ts": 1775367947.777667,
  "mias-client/src/lib/api/reports.ts": 1775536746.0304615,
  "mias-client/src/lib/api/insuranceCategories.ts": 1776251515.8521492,
  "mias-client/src/lib/api/admin.ts": 1776252950.589972,
  "mias-client/src/lib/api/patients.ts": 1776300063.5027602,
  "mias-client/src/lib/api/ot.ts": 1776581778.6670003,
  "mias-client/src/lib/api/forms.ts": 1776443980.82138,
  "mias-client/src/lib/api/types.ts": 1776300465.7778842,
  "mias-client/src/lib/api/labs.ts": 1776250536.1840847,
  "mias-client/src/lib/api/client.ts": 1775815623.2292504,
  "mias-client/src/lib/api/clinics.ts": 1776503309.7090805,
  "mias-client/src/lib/api/attendance.ts": 1776316652.1574826,
  "mias-client/src/lib/api/approvals.ts": 1776341259.5046945,
  "mias-client/src/lib/api/mrd.ts": 1776668057.451144,
  "mias-client/src/lib/api/billing.ts": 1776448792.42331,
  "mias-client/src/lib/api/nurse.ts": 1776297586.1254518,
  "mias-client/src/lib/api/staff.ts": 1776316077.9229527,
  "mias-client/src/lib/api/auth.ts": 1776503330.0165174,
  "mias-client/src/lib/data/lucideIcons.ts": 1776488769.252054,
  "mias-client/src/routes/+page.svelte": 1775717729.91073,
  "mias-client/src/routes/+layout.svelte": 1775378197.9048576,
  "mias-client/src/routes/(app)/+layout.svelte": 1776668103.517169,
  "mias-client/src/routes/(app)/vitals/+page.svelte": 1776521370.648,
  "mias-client/src/routes/(app)/patients/+page.svelte": 1776489539.157388,
  "mias-client/src/routes/(app)/patients/[patientId]/radiology/[reportId]/+page.svelte": 1775860187.5573492,
  "mias-client/src/routes/(app)/patients/[patientId]/review/+page.svelte": 1776297292.8646502,
  "mias-client/src/routes/(app)/patients/[id]/+page.svelte": 1775851919.9172761,
  "mias-client/src/routes/(app)/nurse-station/+page.svelte": 1776316012.8198063,
  "mias-client/src/routes/(app)/schedule/+page.svelte": 1775860290.56623,
  "mias-client/src/routes/(app)/records/+page.svelte": 1776521361.253999,
  "mias-client/src/routes/(app)/nurse-profile/+page.svelte": 1776052880.103631,
  "mias-client/src/routes/(app)/mrd/patients/+page.svelte": 1776668593.5195942,
  "mias-client/src/routes/(app)/mrd/records/+page.svelte": 1776668593.5196626,
  "mias-client/src/routes/(app)/mrd/exports/+page.svelte": 1776668593.513793,
  "mias-client/src/routes/(app)/mrd/dashboard/+page.svelte": 1776668706.0320168,
  "mias-client/src/routes/(app)/mrd/census/+page.svelte": 1776668593.510265,
  "mias-client/src/routes/(app)/admin/+page.svelte": 1775861400.8978877,
  "mias-client/src/routes/(app)/admin/+layout.svelte": 1776582417.2142766,
  "mias-client/src/routes/(app)/admin/labs/+page.svelte": 1776669748.0143962,
  "mias-client/src/routes/(app)/admin/vital-parameters/+page.svelte": 1776293110.9510326,
  "mias-client/src/routes/(app)/admin/forms/+page.svelte": 1776674368.470664,
  "mias-client/src/routes/(app)/admin/charges/+page.svelte": 1776364286.6898162,
  "mias-client/src/routes/(app)/admin/departments/+page.svelte": 1776293110.9527194,
  "mias-client/src/routes/(app)/admin/system/+page.svelte": 1775884825.2463503,
  "mias-client/src/routes/(app)/admin/system/+layout.svelte": 1776611651.8797085,
  "mias-client/src/routes/(app)/admin/system/patients/+page.svelte": 1775884825.2464857,
  "mias-client/src/routes/(app)/admin/system/icd/+page.svelte": 1776252950.7745004,
  "mias-client/src/routes/(app)/admin/system/ai/+page.svelte": 1775884825.2465367,
  "mias-client/src/routes/(app)/admin/system/insurance/+page.svelte": 1776017466.3509748,
  "mias-client/src/routes/(app)/admin/clinics/+page.svelte": 1775861401.5580997,
  "mias-client/src/routes/(app)/admin/users/+page.svelte": 1776582270.5484564,
  "mias-client/src/routes/(app)/admin/programmes/+page.svelte": 1776293110.9548275,
  "mias-client/src/routes/(app)/admin/ot/+page.svelte": 1776582393.5554538,
  "mias-client/src/routes/(app)/admin/analytics/+page.svelte": 1775860263.4081721,
  "mias-client/src/routes/(app)/reception/+page.svelte": 1776315950.7010822,